CASEID,v163001a,v164004
300001,22,20161011
300002, 5,20161024
300003,28,20161023
300004,47,20161022
300006,39,20160928
300007,34,20160920
300008,36,20161031
300012,34,20161024
300018,48,20161101
300020,28,20160927
300021,22,20161015
300023,37,20161016
300026, 9,20160913
300030,39,20160909
300034,20,20160909
300038,25,20160923
300039,11,20160923
300040,35,20161026
300041,36,20161103
300042,53,20160908
300045,22,20161029
300046, 4,20160915
300047,42,20161003
300049,20,20160912
300050,22,20161016
300051,42,20161009
300053,12,20161101
300056,47,20160910
300058,25,20160917
300059,20,20161030
300062, 4,20161022
300064,20,20160916
300070,35,20160909
300072,17,20160912
300073,25,20160908
300082,47,20161023
300085, 8,20161004
300092,20,20160922
300093,25,20160923
300094,13,20160927
300098, 5,20161107
300099,55,20161014
300100,11,20161008
300103,36,20161025
300106,20,20160923
300107,17,20160915
300109,48,20161006
300111,37,20161106
300113,47,20160910
300116,37,20161105
300119, 5,20160914
300121,13,20161018
300123,39,20161026
300124,55,20160912
300131,47,20160921
300135,47,20161104
300136,48,20160914
300137, 9,20160912
300140,25,20161023
300142,17,20160914
300143,48,20161010
300144,28,20160909
300146,42,20160924
300148,35,20160912
300150,40,20161004
300151,17,20161010
300152,25,20161106
300153,47,20161023
300154,28,20161021
300155,47,20160917
300161, 6,20160912
300165,47,20160913
300168,24,20161025
300169, 6,20161022
300170, 6,20161019
300171, 6,20160916
300172,45,20160917
300175,18,20161015
300176,20,20160909
300177,11,20161021
300179, 5,20160912
300180, 6,20160914
300181,18,20160920
300182, 6,20160926
300184,34,20161024
300185,27,20160909
300186,17,20160927
300187,42,20160924
300188, 6,20161030
300195,13,20160922
300196,20,20160911
300198,13,20161103
300200,48,20161018
300204, 4,20160926
300207,22,20161002
300209,55,20161016
300210,55,20161107
300212, 6,20161010
300215,18,20161005
300217,17,20161102
300222,48,20161022
300224,42,20161105
300227,48,20161017
300228, 8,20160918
300230,48,20161006
300232,25,20160929
300234,25,20160910
300235,18,20160911
300237, 6,20161107
300238,48,20160923
300240, 4,20161103
300242,13,20160917
300244,37,20161018
300245,48,20161015
300246, 6,20161005
300248,42,20160918
300250,24,20160911
300252,35,20161022
300254,37,20160911
300255,37,20161015
300256,20,20160913
300259,47,20160914
300261,16,20161029
300264, 6,20160920
300267,16,20161003
300269,48,20161006
300270,48,20160928
300273,24,20160911
300276, 6,20160911
300278, 6,20161102
300279,47,20160908
300280,33,20160924
300282,17,20161101
300284,47,20160907
300289,25,20160924
300297,11,20160911
300299,20,20160911
300303,47,20160913
300304,40,20161012
300307,47,20161026
300312,35,20161020
300313,37,20161026
300317,35,20160913
300322,27,20160913
300325,48,20161021
300326,53,20160915
300327,37,20160907
300333,34,20161003
300334,45,20161006
300335,53,20160923
300336,42,20160914
300339,12,20161023
300342,20,20160917
300343,11,20161016
300344,13,20160910
300345,33,20161008
300352,17,20161015
300360, 6,20161023
300361,28,20160908
300363,25,20161013
300364, 9,20161015
300371,24,20161017
300375,39,20161008
300376,20,20161019
300377,37,20161010
300383,40,20161004
300386,17,20161016
300387,51,20161018
300389, 6,20160911
300393,55,20161021
300398,25,20161014
300400,45,20161015
300402, 4,20160917
300403, 6,20160910
300404,36,20161018
300406,48,20161023
300408,28,20160913
300423, 9,20160912
300424,45,20161014
300434,28,20161009
300437,17,20160927
300448, 6,20161009
300450,26,20161105
300453, 9,20161005
300454,28,20161002
300456,35,20160924
300458,12,20160913
300460,13,20161004
300465,39,20161029
300467, 4,20161105
300473,20,20160929
300475,27,20161028
300477,35,20160913
300482,16,20160926
300488,39,20160923
300493,16,20161104
300495,47,20160915
300497, 8,20161022
300499,48,20161021
300500,48,20161008
300501,47,20160915
300503,48,20161016
300504,17,20161010
300517,13,20160914
300518,47,20160919
300522,53,20161020
300526,47,20160907
300534,40,20161014
300540,51,20161105
300541,13,20160923
300542,47,20161028
300543,13,20160922
300545,16,20160929
300546,20,20160917
300547, 6,20161003
300549,37,20161017
300552,55,20161014
300554,36,20161030
300555, 4,20160917
300558,12,20160919
300559,39,20160909
300561,22,20161012
300565,34,20161103
300566,48,20161024
300569,12,20161021
300571,55,20160923
300572,13,20160915
300574, 6,20160917
300575,47,20160915
300578,39,20161021
300581,48,20161015
300583,16,20161002
300586,39,20160926
300587, 6,20160915
300589,18,20161008
300597,47,20160910
300600,55,20161107
300601,13,20161007
300603,48,20161104
300605,48,20160922
300609,33,20160909
300610,48,20161014
300611,35,20160921
300612,48,20160913
300614,48,20161001
300617,17,20161015
300620,25,20161004
300621,47,20160922
300622, 6,20161024
300628,17,20160928
300629,28,20161017
300632,34,20161102
300633,35,20160924
300634,40,20161011
300636,16,20161019
300637,48,20160920
300638,20,20160915
300641,48,20161011
300642,26,20160914
300644,48,20161103
300655,48,20161013
300656,22,20160928
300657,47,20161022
300658, 8,20161101
300660,20,20161002
300663,55,20160919
300674,33,20160912
300675,47,20160912
300676,20,20161024
300677,17,20160911
300679,48,20160924
300680,22,20161029
300687, 5,20160914
300693,45,20161024
300694,25,20161022
300695,20,20161029
300696,48,20161010
300699,53,20161003
300702,20,20161105
300703,40,20161012
300704,11,20161003
300705,17,20161018
300706,48,20161013
300709,17,20160917
300711,48,20161024
300717,39,20161028
300719,34,20160909
300721,17,20161009
300723,47,20160922
300724,26,20161001
300726,33,20161010
300727,20,20160908
300731,22,20161017
300732,28,20160916
300734,26,20161106
300735,45,20160922
300736,18,20161105
300739,17,20161004
300740, 8,20161022
300743, 6,20161106
300745,12,20161105
300747,25,20161026
300749,48,20160922
300750,17,20161013
300751, 6,20160915
300753, 5,20160923
300757,47,20160917
300759,27,20160913
300766,47,20160916
300768,17,20161009
300769,37,20161003
300770,22,20161006
300774,53,20161027
300775,48,20161002
300779,37,20160912
300780,12,20160922
300784,20,20160909
300785, 6,20160915
300789,12,20161025
300790,36,20161107
300792,34,20160917
300795,25,20161018
300796,24,20160922
300798,26,20160917
300799,27,20161004
300807,28,20161007
300808, 8,20160917
300812,17,20160913
300813,48,20161009
300816,39,20161028
300819, 6,20161018
300820,39,20161029
300821,48,20160927
300827,45,20160908
300831,48,20161003
300833,27,20160912
300839,24,20160917
300847,16,20161020
300850,42,20160910
300853, 6,20161006
300855,48,20161008
300857,11,20161023
300859,40,20160930
300860,40,20161015
300864,28,20160909
300869,47,20161016
300872,37,20160913
300873,48,20161011
300874,37,20161011
300875,33,20161017
300881,47,20160922
300882,16,20160917
300883,11,20161105
300885,16,20160923
300887, 5,20161028
300890,55,20161020
300893,34,20161010
300895,36,20161009
300898, 6,20161003
300900,28,20161031
300901, 8,20161021
300906,13,20160911
300910,27,20160909
300911,24,20160912
300912,40,20161001
300916,18,20160919
300917,20,20160916
300920,47,20160909
300921,18,20161018
300924,37,20160924
300925,37,20160914
300926,39,20160927
300927,18,20160919
300928,24,20160908
300930,37,20160915
300931, 6,20161022
300935, 6,20161020
300937, 6,20160927
300940,37,20160912
300947, 5,20161019
300953,28,20160920
300956,16,20161107
300963,12,20160919
300968,42,20161005
300970,16,20160919
300973,45,20160913
300976,24,20161007
300977,12,20161015
300979,37,20160927
300982, 8,20161019
300983,34,20161029
300991, 4,20161008
300994,39,20161027
301000, 6,20161027
301006,37,20161003
301007,48,20161012
301008,28,20160917
301010,13,20161003
301011, 8,20161004
301014,34,20161106
301018,34,20161003
301019, 8,20160924
301020,20,20160918
301023,20,20160930
301024,47,20160908
301026,53,20160912
301028, 8,20161101
301030,47,20160919
301033,33,20161005
301034,34,20161001
301043, 8,20160910
301045, 8,20161008
301047,39,20161022
301049, 4,20161102
301052,20,20160926
301056, 6,20161016
301059,39,20161029
301060,42,20160930
301061,48,20161029
301064, 8,20160914
301065, 6,20161007
301068,40,20161013
301070, 9,20161023
301071, 5,20160909
301073,34,20161003
301075,42,20160914
301081,48,20161013
301086,13,20161030
301087,39,20160928
301089, 5,20160915
301093, 4,20160917
301094,35,20161020
301096,40,20161012
301100,16,20160915
301101,35,20160928
301103,37,20161004
301105,47,20161024
301108,51,20161004
301110,27,20161015
301111, 6,20161104
301116,47,20160919
301117,20,20161008
301119, 6,20160914
301121,16,20160917
301122,25,20161106
301125,37,20161002
301129,20,20161107
301130,36,20160927
301131, 8,20160911
301134,48,20160921
301135, 6,20160916
301139,42,20161003
301141,20,20160910
301143,42,20161030
301144,16,20160924
301145,48,20161012
301146,16,20160920
301147,34,20161025
301148,35,20160921
301149,48,20160914
301150,37,20160930
301155, 6,20160914
301156,42,20161022
301158,48,20161011
301160, 8,20161019
301162,33,20160910
301164,28,20160916
301166,24,20160916
301167, 9,20160907
301169, 6,20160916
301170, 4,20161030
301171,12,20161028
301173,53,20160918
301176,18,20161016
301184,17,20161011
301185, 8,20161008
301187,55,20161103
301189,37,20160929
301190,17,20161106
301193,25,20160920
301194,42,20161104
301195,35,20161001
301200,26,20160913
301201,47,20160908
301208,20,20160913
301211,22,20161014
301213, 9,20161006
301215,11,20160907
301221,22,20161011
301225,42,20160928
301226, 6,20160915
301227, 6,20161103
301228,28,20160917
301232,35,20161020
301234,45,20160915
301235, 6,20161006
301237,53,20160909
301238, 6,20161027
301240, 4,20161102
301242, 4,20161104
301244,27,20160910
301245,20,20161030
301247,25,20160922
301258,34,20161013
301259, 6,20161001
301262,12,20160912
301264, 6,20161011
301268,25,20160917
301271,20,20161018
301273,24,20160919
301274,40,20161012
301276,48,20160912
301278,26,20161001
301280,17,20160915
301281,47,20160908
301282,20,20160908
301283,48,20161022
301285,51,20160920
301288,28,20161008
301293, 8,20160919
301294,16,20160912
301296,39,20160928
301298,12,20160926
301302, 5,20160929
301304,47,20161031
301305,35,20161023
301306,17,20160929
301308, 6,20160908
301313, 8,20161027
301314,47,20160916
301316,17,20161001
301317, 6,20161028
301319,28,20161007
301321,17,20161021
301322, 8,20160909
301323,28,20161028
301324,45,20160920
301325,39,20160908
301331,18,20160911
301332,47,20160921
301333, 6,20160916
301337,34,20160915
301338,28,20160924
301342, 5,20160926
301344, 8,20161027
301345,20,20161107
301346,17,20160929
301347,26,20161105
301351,24,20160917
301353,34,20161017
301354,20,20160908
301355,55,20160910
301356,25,20161009
301357,48,20160910
301365, 9,20161008
301366,53,20160916
301367,37,20160910
301368, 6,20161104
301369, 5,20160926
301370,40,20161010
301371,18,20161024
301373,12,20161012
301375, 9,20160923
301376,22,20161016
301377,24,20161024
301383,34,20160928
301384,39,20161006
301388,48,20161101
301389,36,20161102
301391, 6,20161107
301393,17,20160919
301396,37,20161028
301399,39,20161025
301402,17,20161031
301404,48,20161015
301408,20,20160912
301410,24,20160913
301411, 6,20161022
301412,40,20161011
301416,17,20161107
301418, 8,20160924
301419,47,20161022
301420, 5,20160907
301421,22,20161019
301423, 8,20160922
301429,37,20161003
301433, 6,20160920
301434,51,20161106
301436,47,20160914
301439,18,20161027
301440,20,20161002
301442,24,20161105
301446, 8,20160911
301452,48,20160917
301454, 5,20160924
301455,40,20161019
301456,39,20161026
301457, 6,20161027
301458,48,20161022
301459,33,20160930
301460,27,20160923
301461,18,20160910
301462, 5,20160924
301464,48,20161026
301465,26,20160928
301467,37,20160914
301472,20,20160910
301474,53,20161003
301479,34,20161025
301481, 6,20160921
301482,42,20161004
301483, 6,20161008
301488,55,20161031
301489,37,20160927
301491,17,20161028
301495,17,20161013
301496, 5,20160916
301497, 6,20161020
301498,47,20160920
301500,27,20161101
301501,25,20160913
301511,11,20160910
301513,27,20160909
301514, 6,20161024
301515,24,20161008
301516,39,20160920
301519,12,20161106
301522, 8,20161004
301527,40,20161019
301528,39,20160921
301530,48,20160927
301533, 4,20160927
301536, 9,20160917
301538,33,20160910
301541,47,20161014
301544, 6,20161029
301545,45,20160912
301551,39,20160911
301552,48,20161005
301553, 8,20161015
301556,53,20160920
301560,48,20161008
301562,33,20160912
301563,37,20160921
301564,11,20161002
301566,26,20161001
301567,17,20160926
301570,24,20160911
301572,37,20161017
301580,39,20160910
301583,40,20160930
301584,12,20161105
301589,17,20160928
301590,20,20160909
301594, 4,20161024
301596,55,20161014
301598,33,20160930
301601,26,20161010
301602,34,20160922
301603,16,20161008
301605,39,20161030
301607,48,20160924
301608,17,20160915
301610,16,20160923
301611,35,20161011
301612,37,20160930
301617,51,20161013
301618,20,20161024
301623,47,20161104
301624,12,20161017
301628, 6,20161014
301629,48,20161101
301631,36,20161003
301633,39,20160913
301634, 4,20161102
301636,20,20160919
301637, 5,20160910
301645,34,20161106
301648,36,20161106
301649, 6,20161008
301650,13,20161029
301651, 6,20161016
301654, 4,20160924
301655, 6,20161023
301656,42,20160915
301659,33,20161021
301661,48,20161003
301663,47,20160919
301665,47,20161017
301666,25,20160924
301669, 6,20160913
301670,34,20161019
301672,47,20161021
301677,20,20160909
301678,37,20161011
301679, 5,20160928
301685,39,20161027
301686,27,20160911
301688,25,20160907
301691,40,20161009
301692,16,20160921
301694,17,20160927
301695,51,20160910
301697,47,20160928
301702,47,20160909
301705,25,20161001
301706,35,20161001
301707,13,20161005
301708,48,20160930
301709,53,20160924
301710, 4,20160916
301712,36,20160909
301717,53,20160923
301720, 6,20161009
301721,47,20160911
301724, 6,20160921
301727,48,20161016
301731,24,20160912
301734,22,20161002
301741,20,20160912
301746,40,20160930
301748,25,20161011
301749, 6,20161017
301759,48,20161005
301760, 6,20160908
301761,34,20161030
301766,42,20160924
301767,34,20161022
301770,40,20161010
301774,18,20160928
301776,25,20160909
301777,13,20160922
301778,20,20160911
301779,33,20160916
301782,17,20160914
301784,53,20161005
301786,36,20160912
301787,17,20161020
301789,53,20161014
301791, 6,20161014
301795,45,20160920
301799,33,20161005
301801, 6,20160927
301802,55,20160917
301803,48,20160926
301804,18,20161022
301805,11,20160920
301807,48,20161010
301809,18,20161018
301810,17,20161010
301811,17,20161005
301812,47,20160928
301821,12,20161107
301828, 5,20160915
301831,20,20161104
301838,12,20161021
301839, 6,20161020
301840,24,20160910
301843,17,20161008
301844,48,20161019
301846,26,20160917
301848,48,20161009
301851,28,20160920
301854,45,20161025
301856,18,20161010
301857,24,20160914
301858,17,20161003
301860,17,20160927
301862,47,20161105
301863,13,20161027
301865,48,20161014
301870,47,20160924
301873,48,20161107
301875,48,20161015
301876, 6,20160923
301877,34,20160920
301879, 6,20161003
301880,20,20160913
301881,42,20161105
301883,48,20161005
301890, 6,20160918
301891,24,20160924
301893,27,20160911
301894,16,20160919
301895,25,20160908
301896,17,20160926
301897,55,20161024
301902,53,20160916
301904,25,20161101
301906,16,20160916
301909,17,20160925
301910,11,20160915
301914,39,20160910
301917,27,20160912
301918,28,20160923
301921, 5,20160921
301925,33,20160924
301926, 6,20161025
301930, 6,20160922
301932,37,20160916
301938,17,20160928
301941, 9,20161103
301942,11,20160916
301944, 8,20161027
301946,48,20161023
301947,37,20161001
301948,16,20161017
301950, 8,20161025
301953,40,20161014
301955,25,20161023
301956,48,20161014
301958,20,20160910
301959, 8,20160925
301961,48,20161013
301967,45,20160916
301968,48,20161023
301969,16,20160917
301970, 8,20161022
301971, 6,20160913
301974,26,20160921
301977, 4,20161020
301980,47,20160913
301981,24,20161019
301982,34,20160926
301983,51,20160921
301984, 8,20161015
301985,48,20160926
301988,12,20161106
301990,12,20160920
301992,33,20160914
301993,12,20161102
301999,37,20160923
302001,47,20160925
302007, 9,20161011
302009,42,20160917
302014,28,20160922
302016,47,20161101
302019,47,20161021
302023,20,20160915
302027,27,20160922
302029,13,20160918
302030,16,20160915
302032,24,20160909
302033,17,20160919
302034,17,20160911
302037,39,20160921
302040, 9,20161020
302044,39,20161021
302047,24,20161010
302048, 6,20160915
302050,20,20160923
302052,22,20161012
302053,47,20161026
302054,17,20161020
302058,45,20161013
302067,18,20160917
302069,47,20161002
302070,27,20161004
302074,48,20161001
302075, 6,20161024
302076,40,20161014
302077, 5,20161022
302078,51,20161023
302080,24,20160917
302083,48,20161003
302089, 5,20160910
302093,20,20160919
302097,34,20161008
302099,12,20161020
302100, 8,20161007
302101,18,20161008
302103,37,20160920
302104, 4,20161010
302105,48,20161015
302106,55,20161014
302115, 8,20160910
302117,51,20161021
302119,55,20160924
302121,33,20161015
302122, 5,20160913
302123,42,20161021
302124, 8,20161008
302125,27,20161023
302126,48,20161102
302128,20,20160912
302130, 6,20161009
302132,18,20161009
302133,26,20161005
302136,20,20161028
302138, 6,20161013
302142,39,20160922
302143,42,20161001
302145,28,20160929
302147,28,20161015
302148,16,20161101
302150,47,20160920
302154,42,20160915
302155, 6,20160923
302161,37,20160915
302164,37,20160917
302166,55,20160909
302167,37,20161003
302169,25,20161023
302171, 6,20160910
302172,25,20161107
302174,35,20160913
302178,48,20160929
302183,20,20160907
302186,40,20161014
302190, 6,20160919
302192,48,20161010
302193,28,20160910
302195,47,20160914
302196,45,20160914
302197,39,20161003
302198, 6,20161025
302206,48,20161001
302207,48,20161006
302214,12,20161020
302216,53,20160924
302217,47,20160907
302218,17,20160914
302219, 9,20161019
302220, 4,20161008
302223,20,20160910
302231, 9,20161106
302233,40,20161009
302234, 6,20161029
302236,53,20160923
302238,16,20160921
302239,25,20161022
302240,40,20160929
302244, 4,20160917
302245,16,20160918
302246,48,20161018
302252, 9,20161027
302253, 6,20161104
302254,25,20160922
302261, 9,20160917
302262,25,20161028
302264,55,20160910
302265,17,20160913
302266,53,20160908
302267,40,20161019
302269,36,20160921
302273,20,20160907
302275, 6,20160923
302283,24,20160918
302286,24,20160910
302290,17,20161001
302291,17,20160926
302295, 6,20160919
302299,17,20160917
302308,55,20161023
302312,13,20160908
302313,55,20161031
302317,47,20160913
302321, 6,20161025
302325,37,20161007
302328, 6,20161012
302331,26,20160924
302333,17,20161007
302337,47,20161030
302341,34,20161026
302344,39,20161014
302345,48,20161021
302347,16,20160917
302358,11,20160913
302361,20,20160910
302363,40,20161003
302364,47,20160909
302365, 5,20161020
302369,39,20161103
302372,42,20161102
302374,17,20160915
302375,26,20160927
302378,28,20160914
302380, 8,20160917
302382,47,20161021
302385,33,20160915
302388, 6,20160910
302389, 6,20160923
302390,48,20161015
302392, 4,20161022
302393, 4,20160924
302396, 6,20160916
302400,22,20160917
302402,12,20160914
302403,24,20160914
302404,22,20161013
302405,20,20160908
302406,48,20161007
302408,18,20161015
302414,25,20161024
302417,37,20160925
302420,26,20160929
302421,27,20160912
302424,17,20160919
302425,17,20160917
302428,47,20160915
302430,36,20161101
302434,39,20160916
302435,20,20160908
302443,20,20160915
302445,48,20161105
302446, 6,20160913
302447,37,20160908
302449,55,20161026
302450, 4,20160922
302452,20,20160926
302456,34,20161005
302459,11,20160911
302461, 6,20160918
302462,33,20161022
302463,26,20160915
302465,36,20161023
302467, 8,20160927
302469,55,20160922
302470, 6,20161030
302471,20,20160927
302476, 9,20160921
302477,20,20161021
302480, 5,20160927
302489,39,20160916
302491,13,20160909
302492,35,20161006
302493,47,20160919
302494,35,20161012
302496,47,20160929
302498,13,20160917
302501,24,20160926
302506,20,20160927
302509,16,20160923
302513, 6,20160926
302516,28,20161007
302522, 6,20160912
302526,48,20160920
302527,17,20160920
302529,16,20160924
302531,47,20161107
302532,48,20161107
302535, 9,20161013
302539,48,20161003
302540,55,20160922
302542,17,20161106
302543, 6,20161001
302545,42,20160908
302557,24,20161030
302558,47,20161013
302559,34,20160921
302562,48,20161010
302564,28,20160924
302566,17,20161005
302568,48,20160910
302569,25,20161027
302574,18,20161015
302576,17,20160918
302579,48,20161013
302580,36,20160924
302581,13,20160925
302583, 9,20160910
302584,17,20160916
302585, 6,20161028
302586,34,20160915
302587,37,20161001
302593,27,20160928
302595,17,20160929
302602, 6,20160923
302604,20,20160927
302606,55,20160923
302610,42,20160918
302612,48,20161016
302613,37,20160928
302614,33,20160920
302615,40,20161011
302621,17,20160920
302626, 6,20160919
302627,26,20160917
302629,28,20161023
302632,37,20161030
302634,28,20161105
302639,20,20160912
302643,33,20161028
302645,48,20161012
302648,25,20160915
302651,25,20160921
302652,25,20160923
302653,47,20161024
302657,47,20161021
302659,20,20160907
302660, 4,20161019
302661, 5,20160921
302664,47,20160912
302665,18,20160915
302667, 8,20161020
302669, 5,20160913
302671,12,20160921
302673, 8,20160925
302675,37,20160929
302678,48,20161020
302679,34,20161025
302680,22,20161030
302684,22,20161013
302699,25,20161004
302707,47,20161007
302709,11,20161104
302710,35,20161006
302713, 6,20161106
302714,12,20160921
302717,35,20160909
302719,17,20160913
302720,37,20160914
302722,24,20161016
302723,47,20160927
302724, 8,20161004
302726,16,20160917
302730,24,20161105
302731,33,20161010
302733,51,20160912
302734,36,20161010
302736,47,20161105
302739,51,20161105
302741,53,20161102
302746,35,20160913
302751,48,20161004
302752,13,20161016
302754,11,20161013
302755,16,20160922
302757,16,20160916
302760,20,20160916
302761,37,20160908
302764,47,20160920
302765,47,20161101
302770,18,20161025
302771,17,20160911
302774,13,20160920
302779, 6,20160911
302781,42,20160917
302782,22,20161017
302785, 4,20161002
302786, 8,20161105
302787,25,20160909
302790,28,20161016
302791,17,20160927
302793,48,20160912
302795,47,20160927
302798,33,20160913
302800,25,20160918
302805,51,20160912
302806,48,20161010
302809,37,20160911
302810, 6,20160915
302812,11,20160909
302813,36,20160917
302815,22,20160916
302816,37,20160909
302821,17,20161025
302830,48,20161001
302835,12,20160924
302836, 6,20160914
302840, 6,20160923
302841,51,20161011
302843,13,20160921
302844,37,20161007
302850,24,20160914
302851,39,20161103
302852,17,20160911
302856, 6,20161102
302861,35,20161012
302864,25,20161101
302865,24,20161008
302866,48,20160912
302867,20,20160913
302871, 8,20161016
302872,17,20161023
302873, 9,20161104
302874,47,20161029
302876,11,20161030
302877,37,20160913
302878, 5,20160907
302880, 6,20160923
400002, 6,20160916
400004,51,20161001
400006, 6,20161031
400007, 6,20161029
400009,48,20160914
400015,37,20161018
400016,37,20160913
400017,48,20160912
400018, 8,20161018
400021,42,20160922
400028,32,20160916
400033,37,20160919
400035,24,20160919
400039,48,20160917
400041, 5,20161027
400044,48,20160914
400045,36,20161013
400050,54,20160916
400052, 6,20160917
400053,37,20160929
400054,26,20161018
400055,45,20160914
400056,39,20161001
400059,34,20160913
400062,13,20160912
400075,47,20161018
400076,37,20161024
400080, 6,20160925
400086, 6,20161023
400089, 4,20161027
400090, 9,20160919
400093,42,20160914
400095,39,20160927
400096,39,20161019
400098,45,20160922
400099,41,20160914
400102,21,20160913
400103,39,20161105
400108,36,20160918
400109, 6,20161021
400112,23,20160913
400113,21,20161102
400119,17,20161106
400120,53,20160918
400121,48,20161104
400124,27,20161021
400126,12,20160919
400130,55,20160918
400131,21,20161102
400132,24,20161020
400133,12,20161020
400134,15,20161019
400135,21,20161001
400136, 8,20160925
400143,37,20160912
400144,19,20161019
400147,41,20160914
400154,12,20161019
400158,41,20160930
400165,34,20160920
400172,47,20160915
400174,39,20160917
400175,47,20161014
400176,11,20161016
400177,28,20161009
400181,51,20160913
400183,36,20161031
400185,37,20161104
400187,27,20161021
400188,41,20160916
400189,21,20161020
400191,55,20161011
400194,27,20160915
400195,48,20160919
400198, 1,20161025
400200, 4,20161019
400204,12,20160913
400208, 4,20160918
400213,17,20160917
400214,55,20160913
400223, 6,20160913
400224,45,20160916
400230,12,20160930
400232,55,20160913
400234,55,20161015
400236, 6,20161018
400237,12,20160914
400241,27,20160913
400243, 6,20161020
400244,25,20160926
400245,48,20161003
400247, 6,20161024
400248,12,20161028
400251,42,20161019
400255, 6,20161104
400259,50,20161014
400262,15,20160920
400266,40,20161019
400268, 8,20160912
400269, 6,20161018
400271,36,20160912
400274,27,20160922
400275,47,20161019
400277,26,20160915
400278,37,20161019
400279,26,20160921
400281,38,20160913
400282, 6,20161016
400283,53,20161027
400285, 4,20160913
400289,48,20161019
400290,12,20161019
400296,54,20160914
400302,26,20161008
400304,36,20160920
400305, 6,20161019
400306,16,20160917
400308,42,20161018
400312, 6,20161018
400315,12,20160913
400317,26,20160912
400318,27,20160913
400320, 6,20160917
400321,12,20161101
400324,39,20160914
400330,42,20160915
400334,56,20160919
400339,27,20161001
400342,36,20161009
400344, 1,20161102
400346,55,20160919
400347,17,20160917
400349,37,20160915
400350,12,20160914
400351,31,20161102
400352, 4,20161004
400355,56,20160921
400357, 6,20161101
400360,28,20160923
400362,51,20161107
400367,33,20160917
400371,48,20161018
400374,48,20160920
400375, 6,20161018
400376, 6,20161020
400377,48,20161019
400379,12,20160917
400380,37,20161018
400382,42,20160913
400385,48,20161031
400387,18,20161018
400388,12,20161020
400394,32,20160930
400397,48,20161018
400399,13,20160924
400400,36,20160914
400401,13,20161026
400402,36,20160913
400404,37,20161019
400406,26,20160916
400408,49,20160913
400411,53,20160922
400416,48,20160919
400417,48,20160915
400418,12,20160921
400424, 6,20160914
400426,17,20161018
400428,12,20161019
400439,48,20161004
400440,42,20160920
400441,17,20160913
400442,31,20161022
400444,18,20160912
400449,55,20161025
400451,22,20161021
400458,53,20161023
400459,37,20160924
400460,34,20160914
400464,48,20161017
400465,42,20160928
400466,53,20161006
400471,15,20160915
400473,12,20161014
400481,21,20160917
400487,29,20161018
400490,42,20160914
400494,55,20160922
400496,31,20160915
400497,18,20160920
400498, 4,20160916
400499, 6,20160919
400500,40,20160913
400501,18,20161103
400503,48,20160918
400504, 6,20160912
400505,48,20161020
400509,55,20160918
400514,42,20160915
400517,39,20160917
400523,32,20161002
400528,13,20161022
400530,17,20160916
400531, 9,20160915
400532,18,20160916
400533,27,20160918
400534,45,20161021
400535,33,20161007
400536,24,20161027
400542,36,20161019
400543, 4,20160918
400544,37,20160915
400546,29,20160920
400549,47,20160917
400551,37,20161102
400553,35,20160913
400557,49,20161103
400560, 5,20160919
400561,36,20161107
400563,39,20160918
400564,39,20161024
400565,48,20161023
400566,35,20161106
400567,26,20160929
400572,37,20160914
400573,21,20160913
400576,35,20161104
400578,35,20160917
400583,37,20160917
400587,12,20161007
400588,50,20160914
400591,30,20161028
400592,26,20161026
400594,39,20160913
400596, 6,20161102
400598,21,20160915
400600,39,20160918
400603,39,20160913
400604,24,20161019
400605,51,20160913
400607,48,20161027
400609,48,20160923
400614,34,20161018
400618,54,20160921
400627,25,20160921
400628,48,20160925
400629,26,20161018
400630,48,20161024
400636,42,20160913
400637,26,20160914
400648, 6,20161019
400649,32,20160913
400651,34,20160912
400653,37,20160912
400654, 6,20161018
400657,53,20160919
400658, 6,20160927
400660,25,20161029
400663, 6,20161019
400667,24,20161018
400668, 6,20160930
400669,53,20160927
400671,34,20161018
400677,48,20160916
400678,24,20161018
400679,36,20160913
400680,48,20161019
400683,25,20160918
400685,29,20160930
400686, 6,20160919
400689, 4,20161017
400691,45,20160916
400693,48,20161025
400696,13,20160926
400697, 8,20160924
400699,42,20161027
400703,16,20160913
400704,56,20161025
400705,48,20161019
400706,56,20161009
400707,53,20160916
400708,32,20160915
400712,24,20160914
400717,53,20160915
400719,29,20160917
400727,24,20160915
400728,12,20160929
400732,34,20160916
400733,17,20160912
400735,28,20161003
400737,40,20160919
400738,18,20160930
400739,36,20161025
400740,36,20160914
400742,51,20160916
400745,12,20161018
400750, 4,20160914
400753,13,20161101
400755, 8,20161018
400756,12,20160917
400757, 6,20160916
400758,18,20160918
400759,30,20161020
400764, 6,20160918
400765,25,20160912
400766,41,20160930
400768,55,20161002
400772,36,20160920
400773, 6,20160913
400775,19,20161008
400777,23,20161108
400780,40,20161025
400783,36,20161020
400788, 1,20160921
400789,12,20160919
400796,19,20160913
400798,11,20161022
400802,37,20161018
400806,22,20160920
400809,22,20160913
400815,26,20161018
400820, 6,20161107
400823,13,20160915
400829,19,20160918
400831,47,20160922
400833,30,20160918
400834,48,20160917
400836,27,20161019
400841,22,20160916
400846,12,20160917
400857,42,20161021
400858, 6,20160928
400860, 6,20160930
400862,48,20161003
400863,22,20161025
400866,42,20160919
400870,21,20160913
400871,45,20160925
400879,48,20161024
400880,47,20161019
400881, 6,20160914
400886,24,20160912
400887, 6,20160917
400892,34,20160912
400894,51,20160912
400896,53,20160926
400898,16,20161104
400899,21,20160921
400905,18,20161108
400912, 8,20160912
400913,37,20161006
400914,18,20160919
400917,33,20160915
400922,47,20160916
400923,26,20160921
400925,37,20161020
400926,48,20161018
400927,12,20161020
400929, 6,20160918
400931,18,20160914
400934,56,20160914
400935,45,20161023
400937,13,20161031
400938,32,20161107
400941, 1,20161029
400945,48,20160929
400947,48,20160913
400948,22,20161019
400950,20,20160912
400952, 5,20160912
400954,42,20160917
400958, 6,20160919
400959,17,20160930
400960,39,20161020
400963,48,20160916
400965,24,20160912
400967,42,20160920
400968,34,20160917
400969,31,20160915
400971,54,20160914
400977,36,20161022
400979,48,20161028
400981, 6,20161001
400984,13,20160920
400988, 4,20160915
400989,29,20160930
400991,37,20160917
400994,12,20160916
400997, 9,20161104
400999,33,20160919
401001,12,20160914
401003,56,20160913
401005,55,20160930
401007,42,20161018
401009,36,20161018
401010,19,20160928
401011, 6,20160918
401013,40,20161020
401019,51,20160918
401020,37,20161005
401021,24,20161019
401022,39,20161010
401028,39,20161018
401029,39,20161031
401030,42,20160918
401034, 8,20160914
401035,53,20160919
401037, 4,20160925
401039,54,20161018
401041,47,20160920
401042,17,20161022
401043,29,20160917
401048,31,20161019
401049,51,20160914
401051,48,20160916
401054,49,20161031
401055,17,20161004
401058,20,20161009
401059,47,20161102
401062,22,20161101
401068,18,20160929
401070,13,20160915
401071,12,20160915
401072,34,20160923
401073, 6,20161018
401074,53,20161019
401076,25,20161101
401080,35,20161018
401082, 8,20160922
401083,39,20160919
401086, 8,20160913
401089, 6,20161014
401090,24,20160912
401094,26,20160913
401095,17,20161019
401100,29,20161012
401102,25,20161102
401103,29,20160916
401104, 6,20160919
401110,42,20160913
401111,41,20161021
401112,45,20160916
401116,48,20160930
401117,31,20161003
401122, 1,20161019
401127,34,20160914
401128,55,20160912
401130,42,20160920
401132,24,20160926
401134,24,20160917
401135,18,20160925
401136, 6,20161025
401142,37,20160913
401143,40,20160913
401144,12,20161019
401145,49,20161107
401150, 8,20161019
401151,45,20160917
401152,12,20161020
401153,17,20160919
401155,17,20160913
401159, 4,20161016
401161, 6,20161030
401163,12,20161102
401164, 2,20161102
401167,25,20161028
401169, 6,20160922
401174, 6,20160917
401178, 1,20160913
401180,48,20160913
401183,12,20161019
401184, 6,20161018
401185,41,20161024
401188,12,20160913
401191,34,20161012
401195,26,20160922
401196,17,20161018
401200,48,20161106
401201,48,20161031
401207,22,20161019
401210,13,20161022
401211,39,20161029
401214,55,20161020
401215,16,20161026
401219, 6,20160914
401220,53,20161025
401226,29,20160913
401227,12,20161018
401230,18,20160916
401233,25,20160926
401235,29,20161019
401236,37,20160922
401238,45,20161005
401239,54,20161025
401243,12,20160913
401244,35,20160918
401245,29,20160922
401247,39,20161014
401248,27,20160919
401252,18,20160922
401257,39,20160913
401258,36,20160913
401260,39,20160915
401261,17,20161019
401263,26,20161006
401267,26,20161018
401270,36,20161023
401271,24,20161021
401274, 6,20161019
401275,34,20161102
401278,48,20161019
401280,39,20161002
401281,11,20161008
401282,34,20161026
401283,36,20161018
401289,12,20160918
401293,50,20161012
401295,35,20161018
401303, 8,20160913
401304,51,20161023
401306,42,20160913
401309,55,20160913
401311,10,20160912
401314,47,20160916
401318,40,20161019
401320,20,20161019
401326,55,20160916
401330,39,20160914
401331,39,20160914
401335,45,20161018
401343,49,20161010
401346,25,20160919
401348,36,20160915
401349,18,20160912
401350,18,20161020
401351,25,20160929
401352,26,20161101
401353, 6,20161101
401354,25,20160917
401356,49,20161003
401359,12,20161018
401361,25,20160914
401367,25,20160912
401369,47,20161024
401372,36,20160914
401373,42,20161022
401377,34,20161013
401379,12,20161027
401380,32,20160913
401381,42,20161017
401382,37,20161018
401387,34,20160915
401389,53,20161022
401390,17,20160912
401391,13,20161018
401392,20,20160917
401393,12,20160918
401397,17,20161012
401398,55,20160917
401400,42,20161019
401402,37,20161018
401410,48,20161022
401412,13,20160921
401414,48,20160913
401416,13,20160912
401417,37,20161023
401422,48,20160914
401423,39,20161022
401426,27,20161019
401427,48,20161019
401428,40,20160916
401430,39,20160930
401431,36,20160916
401435,12,20161027
401436,17,20161020
401437,29,20160915
401438,49,20160928
401439,41,20161019
401441,53,20161012
401442,35,20161026
401444,48,20161027
401447, 6,20161027
401448,48,20160917
401450,40,20161022
401457,25,20160915
401461,27,20161026
401463,39,20161023
401464,27,20161003
401468, 6,20160917
401469,17,20160914
401472,48,20161013
401475,37,20160925
401476,47,20160914
401477,29,20160925
401478,17,20161025
401482,28,20160923
401485,54,20160912
401486, 6,20160916
401492,35,20161015
401496,55,20160912
401501,27,20161019
401504,28,20160919
401505,17,20161001
401511,51,20161027
401512,12,20160929
401513,42,20160920
401515,40,20161019
401516,12,20161018
401520,51,20161025
401522,37,20161001
401525, 4,20161018
401527,10,20160912
401528, 4,20161029
401531,22,20160919
401537,47,20161018
401539,25,20160917
401542,48,20161018
401543,53,20160925
401548,12,20160929
401552,18,20161022
401554,27,20160913
401555,55,20160912
401557,55,20161101
401559,38,20161021
401563,12,20161022
401570, 6,20160914
401571,13,20160921
401573, 6,20160914
401574,32,20160912
401576,12,20160913
401579,12,20161019
401580,36,20161018
401581,41,20160916
401582,48,20160921
401583,12,20160917
401584,49,20160923
401585,53,20160920
401586,17,20160914
401587, 9,20160919
401588,42,20161025
401590, 9,20161018
401592,53,20160918
401593,53,20160920
401597,17,20160918
401598,39,20160916
401601,45,20161005
401602,51,20161106
401603,35,20160918
401605,48,20160913
401607,37,20161019
401609, 4,20160915
401610, 6,20161005
401611,48,20160912
401613,27,20161108
401618,36,20160923
401622,24,20160917
401624,19,20161012
401625,18,20160917
401630,55,20161021
401632, 6,20161018
401636,31,20161030
401637,51,20161023
401639, 1,20160913
401642,51,20160921
401643,55,20160917
401646,51,20161018
401649,51,20160915
401654,48,20160913
401662,26,20160913
401664,26,20160920
401665,31,20160913
401669,39,20161105
401672, 6,20160917
401675,34,20161021
401678,17,20160928
401685,16,20160916
401686,48,20160929
401687,42,20161022
401694,18,20160916
401696, 5,20161015
401698,29,20160913
401699, 6,20161108
401700,12,20161024
401703, 6,20160916
401705,17,20160919
401706,31,20161021
401709,41,20160914
401715,34,20161022
401716,23,20161029
401723,12,20160914
401728,12,20161010
401732,26,20160913
401733,55,20160916
401736, 6,20160914
401739,23,20161103
401746,36,20161020
401747, 1,20161011
401748,24,20160919
401749,45,20161024
401752,47,20161024
401756,18,20161012
401757, 6,20160923
401758,42,20161018
401759,51,20160912
401761,42,20161011
401762,48,20160918
401771, 6,20160914
401773,56,20160924
401774,47,20160930
401780,26,20160918
401782,24,20161026
401791,20,20160913
401792,44,20161018
401793,42,20161107
401795,12,20160915
401797,39,20160929
401798,38,20160918
401802,51,20160912
401804,51,20160916
401807,29,20161019
401808,26,20160916
401811,27,20160917
401812,37,20160917
401815,12,20161018
401821,54,20161020
401824, 9,20161002
401828, 8,20160918
401829, 5,20161019
401830,36,20160915
401832,32,20161103
401833,44,20161019
401835,39,20160920
401836,39,20161003
401839,13,20161002
401841,37,20160919
401849,48,20160915
401850,24,20160913
401852,48,20160913
401854,10,20160913
401856, 6,20161024
401858,37,20161008
401859,26,20160918
401860,48,20161029
401861, 9,20160914
401862,48,20161022
401867,39,20161018
401872,39,20160915
401874, 6,20160922
401875,36,20160929
401876,41,20161019
401883,51,20160917
401887, 8,20161004
401889,48,20161022
401891,42,20160913
401895,44,20160927
401902,26,20160913
401903,39,20161004
401906,40,20161029
401909,49,20160915
401910, 5,20161025
401911, 8,20161024
401914, 1,20160913
401915,19,20161018
401916,48,20161101
401917,53,20160918
401918, 8,20160912
401919,12,20161030
401920,48,20161005
401922, 8,20160913
401923, 6,20160919
401924,37,20161103
401926,45,20161101
401928,20,20160930
401931,26,20161019
401938, 6,20161015
401940,48,20160915
401941,42,20160913
401943,42,20160915
401945,22,20161013
401949,12,20160912
401950,36,20160914
401958,42,20161022
401959,13,20160913
401968, 9,20161016
401971,12,20161107
401972,18,20160915
401973, 6,20160915
401976,26,20160923
401978,11,20160915
401982,41,20160917
401985,24,20161012
401989,13,20161019
401991,27,20161105
401993,42,20161006
401997,12,20160912
401998,36,20161022
402001,55,20160920
402002,34,20161005
402003,12,20160913
402012,26,20161102
402013,56,20161020
402016,29,20161024
402017,53,20160925
402018, 5,20161021
402019,25,20161024
402030,42,20160916
402033,51,20160929
402036,13,20160917
402038,19,20160921
402039,29,20160924
402040,39,20161012
402041,29,20160927
402042,12,20160920
402046, 6,20160930
402048,42,20161019
402049,17,20160913
402050,36,20160923
402052,34,20160930
402058,48,20161018
402059,34,20161019
402060,48,20161019
402063,51,20161026
402066,46,20160913
402067,53,20160917
402068,27,20160923
402069, 6,20161020
402074,35,20160912
402078,22,20160913
402094, 6,20160912
402098,12,20160912
402099,12,20160915
402101,18,20160916
402104,37,20161019
402105, 9,20161007
402109,36,20160916
402116,36,20161021
402118,12,20161021
402120,41,20160913
402124,21,20160912
402134,27,20161004
402136,53,20160916
402137,26,20160912
402140,25,20161021
402143,13,20160913
402144, 6,20160913
402146,28,20160913
402147, 6,20160913
402149,19,20160913
402150,20,20161018
402154,51,20160919
402155,21,20160919
402158, 6,20160914
402162,19,20160923
402163,29,20161018
402164,39,20161018
402168,21,20160918
402170,34,20160916
402171,46,20161018
402172,12,20160917
402173,48,20160920
402174,48,20161027
402175,55,20161031
402179, 6,20161002
402187, 6,20160922
402188,36,20161019
402190,25,20161018
402191, 4,20161019
402193,26,20161013
402195,25,20161018
402200,29,20160926
402202,29,20160930
402204,33,20161019
402206,48,20160914
402209,42,20160925
402210,12,20161026
402212,21,20160913
402213,47,20160918
402215, 6,20160913
402219,37,20161022
402221,53,20161021
402224,13,20160930
402229,34,20161107
402233,49,20161004
402234,39,20161026
402237, 1,20161018
402240,36,20160913
402241,12,20160917
402244, 8,20160925
402248,36,20161108
402253,48,20161007
402254,36,20161003
402257,26,20160913
402258,13,20161020
402259,12,20161018
402262,38,20160924
402265, 6,20161029
402267,36,20160914
402270,22,20161021
402271,36,20161022
402282,26,20161018
402284,48,20160917
402286,37,20160919
402289,51,20161018
402290,37,20160930
402296, 6,20161101
402298,36,20161001
402301,48,20160918
402303,26,20161022
402305, 6,20160925
402308,19,20161025
402309,42,20160919
402310,53,20160920
402312,45,20161007
402313,18,20160916
402315,41,20160918
402316,36,20161017
402318,26,20161101
402320,45,20160928
402321, 6,20160921
402325,12,20160912
402327, 6,20161019
402329,48,20161101
402330,35,20161031
402331,42,20160925
402334, 6,20160918
402338,40,20161027
402340,42,20160928
402342, 5,20161001
402343,21,20161104
402345, 1,20161018
402350,29,20160922
402358,17,20161022
402359,47,20160914
402360,19,20161028
402365,12,20161020
402366,48,20160930
402367,48,20160916
402368,25,20160915
402370, 6,20161018
402373,32,20161021
402374,47,20161025
402379,17,20160914
402380,12,20160913
402384,37,20160919
402387,42,20161019
402389,48,20161026
402391,36,20160915
402392,48,20160912
402397,32,20160913
402398,48,20160918
402404,42,20160914
402406,50,20161018
402411,55,20160912
402413, 6,20161103
402416,48,20161019
402420,37,20161021
402428,37,20160918
402429, 9,20161019
402430, 4,20161019
402432,49,20160917
402434,26,20161102
402435, 6,20160917
402437, 6,20161027
402439,28,20161024
402445,42,20161018
402448,48,20161019
402451,48,20160917
402455,33,20160913
402456,29,20161026
402457,36,20161005
402472,24,20160922
402474,50,20160919
402480,22,20160923
402481,26,20161019
402486,48,20161018
402488,21,20160928
402491,25,20160916
402493,16,20161024
402496, 9,20161026
402497,47,20161018
402508, 6,20160922
402509,13,20160922
402510,27,20160915
402512,13,20161102
402513,25,20160916
402514,16,20160920
402515,12,20161019
402517,47,20160916
402521,34,20160912
402522,13,20161001
402525,20,20161002
402526, 6,20161003
402529, 8,20160921
402530,27,20160921
402531,26,20160917
402538,17,20161007
402539,36,20160914
402542,47,20160912
402544,17,20160912
402547,39,20160913
402549,47,20161011
402550,25,20160925
402552,12,20160914
402553,17,20160912
402560,17,20160913
402561,47,20161009
402562,13,20161024
402565,36,20160927
402566,42,20160919
402568,42,20161029
402570,40,20160920
402573,42,20160918
402574,22,20161101
402576,22,20161020
402577,25,20160913
402582,12,20160915
402583, 6,20161003
402587,37,20160917
402588,27,20161103
402590, 6,20161007
402594,17,20161012
402597,42,20160913
402598, 9,20160914
402602,12,20161104
402603,17,20160913
402605,24,20161004
402612,51,20160926
402614,36,20161025
402615,18,20161029
402617,24,20161005
402620,39,20161020
402623,18,20161022
402625,55,20161001
402626,37,20161019
402628, 8,20160914
402629,25,20161013
402630, 8,20161018
402631,41,20161025
402635,42,20161003
402636,32,20161019
402637,18,20160929
402638,36,20160930
402642,13,20161021
402647, 6,20160918
402649,36,20160913
402651,51,20160919
402655, 6,20160930
402657,55,20160925
402659,25,20161004
402664,34,20160916
402670,55,20160917
402672,19,20160922
402673, 6,20160913
402675,31,20160920
402679,12,20161019
402680, 8,20161026
402681, 6,20160918
402682,21,20161005
402684,19,20161020
402688, 6,20161020
402690, 4,20161018
402691,20,20161005
402692,39,20160916
402693,40,20160927
402694,29,20160912
402696,39,20161101
402698,39,20160929
402699,37,20161103
402700, 6,20161019
402703, 6,20160918
402713,37,20160917
402722,21,20160919
402723,25,20161021
402724,36,20160913
402725, 6,20161020
402726,48,20160913
402727,21,20161018
402728,17,20161011
402732,13,20160913
402733,48,20160920
402734,53,20161028
402735,13,20161018
402737,16,20160930
402742, 4,20160914
402744,31,20161021
402745,51,20160913
402746, 6,20160912
402751, 4,20160917
402753,30,20160921
402756,12,20161001
402758,31,20160914
402759,36,20161101
402767,48,20161101
402768,41,20161029
402769,48,20161101
402771, 4,20161012
402773,29,20161019
402775,47,20161018
402777, 4,20161018
402778,24,20161005
402780,51,20160929
402782, 6,20161019
402783,29,20160917
402785,13,20161103
402788, 6,20161018
402790,51,20161106
402793,21,20161013
402795,36,20160920
402796,22,20161019
402800,24,20160910
402815,40,20160914
402816,53,20160917
402817,47,20160918
402818,26,20160922
402820,48,20161004
402821,27,20161009
402822,47,20160913
402823,39,20160930
402825,13,20160914
402828,36,20160914
402829,17,20160920
402831, 6,20160924
402834,45,20161026
402835,26,20161031
402836,20,20160918
402837,55,20160913
402838,27,20161019
402839,18,20160915
402847, 5,20161020
402849, 6,20160913
402850,27,20160914
402856,39,20160917
402859,53,20161018
402862,12,20161104
402865,21,20161021
402866,38,20160916
402867, 6,20161020
402868,12,20161010
402870,25,20160912
402871,24,20160917
402873,27,20161029
402874, 5,20161026
402875,17,20160918
402876,17,20160914
402878,27,20160920
402880,27,20161105
402883, 6,20161019
402884,49,20160913
402885,53,20161006
402895, 6,20160915
402897,27,20161020
402899,39,20160922
402901, 4,20160920
402902, 6,20160913
402904,53,20161030
402905,12,20161018
402906, 6,20160918
402907, 6,20161105
402910, 9,20160916
402912,16,20161020
402917,29,20161019
402919,55,20161018
402921,40,20161020
402922,42,20161019
402931, 1,20161028
402933, 8,20161019
402941,31,20160914
402946,47,20160919
402947,25,20160916
402948, 1,20161024
402950, 6,20161026
402953,10,20160928
402956,37,20160917
402957, 5,20160913
402958,26,20160917
402959,37,20160917
402960,12,20160913
402961,48,20160918
402965,17,20161024
402966,18,20161004
402967,39,20160924
402968,48,20161018
402969,42,20160916
402976,45,20160924
402979, 1,20160912
402983,36,20161018
402985,53,20161023
402986,13,20161018
402990, 4,20160917
402996,12,20160918
403001,26,20160926
403005,21,20160929
403006,25,20160918
403007,18,20161029
403013,42,20160923
403016,39,20160923
403017,26,20160926
403018,26,20161105
403021,17,20160912
403023,48,20161021
403025, 6,20160913
403027,36,20160916
403030,36,20161020
403032,32,20161018
403033,36,20161020
403034,12,20161027
403035,42,20160928
403036,29,20160916
403041,36,20160915
403042, 6,20160915
403053,51,20161022
403057,36,20160921
403059,55,20160924
403060,37,20160915
403064,17,20161019
403071,37,20160925
403076, 4,20161025
403078,48,20160914
403083,48,20160912
403088,42,20160929
403090,34,20161024
403093,48,20161019
403097,24,20161028
403098,51,20161003
403100,42,20161019
403101,23,20160915
403105, 6,20160914
403108,39,20160922
403111, 6,20161020
403113,22,20161031
403114,26,20160920
403115,39,20160919
403120, 4,20161007
403121,17,20161019
403122,12,20160912
403123,47,20160915
403125, 6,20160913
403128,51,20160915
403129,29,20161024
403135,39,20160914
403136,22,20161020
403138,36,20160920
403143,32,20161018
403145,12,20161104
403148,22,20161014
403152,39,20161019
403154,42,20160912
403155,29,20160912
403159,48,20160912
403160, 9,20160912
403164,21,20160927
403166,12,20160921
403170,28,20161005
403172,26,20160914
403173,26,20160920
403174,46,20161023
403175, 6,20161018
403176,22,20160912
403178,37,20160915
403181,26,20161104
403182,51,20160914
403187,42,20160924
403190, 2,20161021
403192,48,20161018
403195,48,20161019
403203,41,20160918
403211,47,20160928
403213,24,20160929
403214,17,20160914
403216,18,20160923
403217,40,20160930
403219, 8,20161005
403220,26,20160912
403221, 6,20160924
403222,27,20161019
403226,25,20160913
403228,53,20160917
403230, 9,20160916
403236,13,20160919
403237,42,20161016
403241, 4,20161026
403252,26,20161020
403253, 4,20160919
403259,34,20161103
403260,36,20161103
403265,48,20161031
403267,32,20160926
403272,37,20161020
403273, 4,20161022
403277,25,20160914
403278,24,20161011
403282,34,20160913
403283,12,20160916
403285,12,20160915
403286,17,20161019
403287,28,20161024
403292, 8,20161021
403293,36,20161018
403296,12,20160925
403297,42,20161002
403298,51,20161009
403302,37,20161019
403306,25,20160916
403307,37,20161027
403308,21,20161022
403314,47,20161019
403317, 6,20161007
403318,32,20161107
403321,10,20160917
403322,48,20161019
403323,42,20160916
403324, 9,20160921
403330,28,20160927
403331, 4,20160913
403336,23,20160929
403343,24,20161024
403345, 6,20160913
403347, 4,20161019
403348,51,20161103
403352,12,20160917
403353,17,20160913
403354,40,20161018
403358, 5,20161018
403362,27,20160921
403367,21,20161025
403368,45,20161020
403373,16,20160912
403374,26,20161018
403376,53,20161025
403379, 9,20160926
403380,26,20160921
403382,34,20160914
403383,25,20161002
403384,39,20161031
403385,32,20160913
403386, 6,20160927
403387,26,20161020
403389,26,20161013
403391,54,20160929
403392,17,20160912
403394,27,20161019
403396,55,20160927
403399,27,20160912
403401,22,20160928
403402, 4,20161103
403404,17,20160922
403406,26,20161019
403407,42,20160912
403408,39,20161028
403410,42,20161019
403411,26,20160916
403413,42,20160917
403414,31,20160915
403416,37,20160922
403418,41,20160917
403419,34,20161023
403421,19,20161027
403423,34,20160916
403424,29,20160930
403427,53,20161019
403430,47,20160912
403431,12,20161022
403432, 6,20161018
403434,32,20161027
403442,36,20161105
403443,29,20160930
403454,51,20161023
403457,16,20160930
403458,39,20161019
403459,37,20161031
403460,37,20161030
403463,13,20161018
403464,48,20160930
403470,41,20161020
403471, 4,20161020
403474,36,20161018
403476, 9,20160918
403478, 4,20160913
403480, 6,20161018
403481, 9,20160913
403482, 6,20160915
403484,18,20160913
403491, 8,20161028
403495,55,20160923
403498,37,20161006
403499,13,20160919
403500,36,20160928
403501,12,20161029
403502, 5,20161024
403503,19,20160916
403505,51,20161012
403508,47,20161001
403510,47,20160916
403511,48,20160917
403512,21,20160918
403513,47,20160913
403515,53,20161019
403517,53,20160915
403519, 4,20160925
403523,48,20160913
403527,18,20161020
403528,53,20160916
403535,46,20160913
403537,26,20161018
403538,39,20160914
403540,42,20160915
403541,37,20161024
403546,47,20161002
403550,48,20160926
403552, 6,20160917
403553,25,20160914
403554,40,20161018
403560,16,20161029
403563,51,20161024
403567,37,20160913
403570,13,20161020
403571, 9,20160917
403573, 6,20160924
403577,34,20161019
403578,42,20161001
403579,19,20160919
403581, 6,20161026
403593,36,20160912
403599,13,20160917
403600,17,20161020
403603, 8,20160914
403605,12,20160917
403606,53,20160922
403609,20,20160917
403612,29,20160925
403616,42,20161101
403617,36,20160919
403620,10,20160914
403623,13,20160919
403624,24,20160929
403625, 6,20160915
403626,37,20160914
403630, 4,20160913
403634, 6,20160925
403635,18,20160912
403640,55,20161101
403644,53,20161001
403649,12,20160912
403650,36,20161019
403653,21,20161028
403658,29,20160916
403660, 6,20160917
403661,33,20160925
403669, 5,20161107
403670,13,20160919
403672, 6,20160919
403675, 6,20161019
403678,19,20161018
403679,17,20161019
403682,25,20161107
403683,36,20160920
403684,39,20161018
403685,53,20161020
403688,47,20161021
403690, 6,20160918
403693,21,20161001
403696,37,20161019
403697,39,20161104
403698,37,20161028
403704,36,20161002
403706, 4,20161101
403707,42,20160922
403709,17,20160913
403710,26,20161025
403712,42,20161018
403716, 6,20160920
403718,34,20160919
403723,26,20161013
403725, 4,20161022
403732,48,20161010
403737,48,20161031
403738,53,20160927
403740,48,20160916
403741,21,20161101
403744,26,20160912
403746, 5,20161027
403748,51,20160915
403749,50,20160914
403750, 6,20160916
403751,27,20160923
403752, 1,20160913
403757,48,20161019
403758,24,20160915
403761, 6,20161019
403762, 6,20160913
403764, 6,20161019
403768,24,20161018
403772,36,20160916
403773,55,20160913
403776,21,20161026
403779,37,20160919
403780,26,20160917
403781,31,20160913
403788,13,20161022
403792,31,20160916
403796,36,20160930
403797,48,20160928
403800,45,20160913
403801,42,20161019
403806, 5,20161102
403813,29,20160924
403820,12,20161006
403821,24,20161001
403824,39,20161019
403829, 8,20161018
403831,37,20161018
403832,36,20160915
403835,44,20160919
403837,36,20161024
403841,36,20160917
403844,34,20161012
403848,24,20160915
403851, 4,20161019
403853,29,20160920
403857,41,20160921
403860,34,20160916
403861,13,20161026
403864,13,20160914
403866,13,20160918
403867,51,20161021
403868,12,20160917
403872,26,20160915
403874,18,20161002
403877,12,20161027
403878,15,20161018
403882,49,20160925
403885, 6,20160914
403886,55,20161024
403887,17,20161006
403889,18,20160930
403893,17,20161031
403896,51,20160925
403897,12,20161017
403903,12,20160918
403904, 6,20160914
403907,48,20160920
403908,36,20161001
403911, 1,20160921
403912,12,20160916
403913,17,20161019
403918,25,20161108
403919,48,20160913
403921,16,20161104
403925,48,20161027
403928,53,20160918
403929,20,20161025
403930,39,20161018
403931, 4,20161104
403935,49,20160913
403936, 9,20160912
403937,17,20160913
403938,29,20160913
403940,42,20161023
403941,36,20160921
403942,36,20160918
403945,36,20160919
403947,55,20160919
403951,48,20161004
403953, 6,20161029
403954,53,20161021
403955,48,20160923
403956,32,20160913
403957,33,20161019
403960,45,20160912
403962, 6,20161107
403963,42,20160929
403964,36,20160928
403966, 6,20161008
403968, 6,20161021
403970,26,20160915
403971,25,20161011
403972,54,20161021
403978,42,20160916
403979,13,20161101
403987,39,20161020
403988,48,20160916
403990,47,20160915
403991,40,20160914
403993,17,20161024
403994,26,20161016
403999,44,20160918
404001,48,20160913
404002,24,20161018
404004,17,20160913
404007,47,20160923
404009,45,20161018
404011,18,20160913
404016,17,20161029
404017, 9,20160923
404020,45,20160913
404021,12,20160912
404025,13,20160916
404026,48,20160917
404030,42,20161019
404032,42,20160916
404037,37,20161019
404038,19,20160922
404039,45,20161106
404042,51,20160913
404043,48,20161018
404045,39,20161019
404047,50,20160921
404048,15,20161005
404050,47,20161006
404051,17,20160920
404055,51,20160917
404057, 6,20160920
404058,31,20160914
404060,53,20161012
404061,25,20160912
404066,55,20161019
404071,18,20161021
404072,48,20161007
404075,48,20161016
404076,37,20160914
404077,12,20160916
404081,37,20160916
404082,34,20160918
404084, 8,20160913
404087,48,20161106
404090,26,20160918
404092, 8,20160929
404097,36,20160912
404098,48,20161002
404101,51,20160918
404105,46,20160918
404106,21,20160918
404108,53,20160930
404111,36,20161018
404112,48,20160914
404113,29,20161002
404121,37,20160922
404124,13,20161019
404125,19,20160913
404127,55,20160922
404129,24,20160920
404130,12,20161016
404131,26,20160923
404137,40,20161021
404143,42,20161019
404147,26,20160930
404149,39,20161019
404150,39,20161001
404151,10,20161018
404154,42,20161020
404158,39,20161023
404163,25,20160920
404168,12,20160929
404169,12,20161019
404174, 6,20160913
404176,37,20161021
404182,13,20160926
404184,48,20160914
404189,53,20160916
404191, 6,20160925
404192,28,20160919
404200, 6,20160917
404201,48,20161003
404207, 6,20161018
404220,17,20161104
404221,36,20160919
404224,29,20160925
404225,39,20160913
404229,48,20161018
404230,48,20160925
404232,17,20160918
404236,25,20161026
404238,37,20161018
404239,48,20161020
404240,20,20161019
404241,12,20161103
404245,45,20160923
404248,42,20161018
404249, 6,20160916
404250,13,20161020
404252,34,20160919
404260,18,20161021
404263,18,20161001
404264,36,20161019
404266,32,20160920
404268,25,20161105
404269,37,20160915
404275,48,20160915
404277, 6,20161018
404278, 8,20161021
404279, 8,20161004
404281, 4,20160916
404282, 5,20160912
404285,55,20160923
404286,21,20161024
404291,26,20160922
404293,49,20160914
404294,42,20160913
404298,20,20160914
404300,49,20160913
404301,25,20161001
404304, 6,20161106
404307,26,20160915
404311,47,20161104
404319,39,20160918
404321,12,20161018
404322,55,20161007
404323,33,20161018
404324,26,20161018
404327,42,20161025
404330,37,20161023
404331,13,20161107
404334, 6,20161011
404336, 6,20160921
404337,25,20161020
404338,47,20161018
404339,26,20160920
404343, 6,20160924
404348, 8,20161024
404351,27,20161024
404353,40,20160914
404354, 6,20161019
404358,24,20160920
404359,12,20160920
404360,55,20160913
404362, 6,20160912
404364,40,20160915
404365,48,20161021
404369,48,20161102
404373, 4,20160930
404376,17,20161025
404378,53,20160915
404379,26,20160929
404382, 6,20160913
404383,37,20160913
404386, 8,20161019
404387,13,20160930
404397,17,20161019
404399, 6,20161010
404402,12,20160926
404411,48,20160928
404413,29,20161006
404414, 1,20160930
404423,48,20161018
404424, 6,20160930
404425, 6,20161103
404426,37,20161106
404430,54,20160913
404431, 5,20161028
404437,41,20161031
404438,48,20161102
404441,13,20160929
404442, 6,20161006
404445,13,20160916
404448,48,20160917
404449, 1,20160917
404451,42,20161001
404453, 6,20161019
404455,39,20161018
404456,17,20161020
404459,21,20160913
404460,17,20160922
404461,16,20161012
404469, 6,20161022
404471,18,20161022
404476,36,20161028
404477, 6,20160917
404482, 6,20161024
404485, 6,20161020
404490,36,20160915
404491,41,20160927
404495,31,20161019
404497,21,20160913
404507,17,20160912
404511, 9,20161021
404514,48,20160914
404515,12,20160919
404519,26,20161007
404521,55,20160918
404523,26,20160916
404524, 6,20161108
404528,18,20160927
404529,18,20160916
404530, 2,20160923
404531,42,20161006
404533,13,20160912
404536, 4,20161001
404537, 8,20160917
404542,42,20160917
404543,48,20160913
404546, 6,20161103
404551,51,20161018
404553,36,20160915
404555,48,20161019
404559,22,20161019
404561,26,20160914
404562, 8,20161022
404567, 8,20160918
404573,26,20161021
404574,32,20160913
404576,39,20160913
404580,36,20160919
404583, 6,20161022
404585,19,20160913
404595,27,20160914
404596, 6,20161018
404597,53,20161102
404599,17,20161017
404602,48,20161025
404604,36,20160914
404605,36,20160920
404609, 6,20161026
404610,36,20160914
404611, 6,20160921
404612,33,20160919
404614,48,20161019
404616,39,20160926
404618,37,20160913
404622, 6,20161106
404624,17,20161001
404627,23,20161019
404633,21,20161019
404635,26,20161020
404636,18,20160925
404642,39,20161024
404644, 6,20161018
404645, 9,20160913
404646,42,20160912
404648,32,20160921
404652, 4,20160926
404657,21,20160930
404662,26,20160922
404663,42,20160918
404664,24,20160915
404666,48,20161018
404667,36,20160912
404668,17,20160916
404671,47,20160914
404672,41,20161024
404680,37,20161018
404689,37,20161025
404692,39,20160913
404694, 4,20160915
404699,32,20160914
404706,47,20160927
404710,26,20160922
404712,34,20161028
404715,51,20160925
404716, 6,20160915
404718, 6,20161026
404719,13,20161006
404721,17,20161108
404723, 6,20161018
404724,28,20160914
404725,36,20161021
404728,22,20161108
404729, 6,20161019
404731,47,20161021
404735,34,20160920
404738,31,20161021
404739,15,20160920
404740,26,20160912
404741,39,20160912
404743,42,20161022
404744,11,20160918
404746,34,20160918
404748,27,20160914
404750,39,20161023
404752,25,20160917
404754,42,20161018
404755,20,20161018
404756, 4,20160914
404757,34,20160919
404760,34,20160920
404766,22,20160918
404771,48,20160926
404773, 4,20160918
404774,48,20161018
404775,47,20161019
404778,34,20161006
404779,11,20160923
404780, 1,20160914
404781,32,20160913
404782,12,20160914
404783,42,20160913
404784,26,20160918
404788,29,20160913
404791,17,20160921
404794,17,20160924
404795, 6,20161107
404796,12,20160913
404800,48,20161012
404803,28,20161101
404805,39,20161025
404807,36,20160914
404808,49,20161023
404809, 4,20160917
404811, 6,20160929
404812, 8,20160913
404814,26,20161026
404815,12,20160916
404818, 6,20160913
404819,11,20160910
404821,12,20160916
404823,42,20161018
404824,22,20160919
404830,37,20161107
404831,22,20160913
404841, 6,20160914
404844,48,20161018
404845,37,20160917
404848,26,20160918
404851,29,20160916
404852,12,20160913
404854,12,20160913
404856,51,20161018
404857, 6,20161027
404860,41,20161107
404862,36,20161103
404864,19,20161021
404867,36,20161023
404870,51,20160916
404871,53,20161010
404874,26,20160920
404875,54,20160914
404878,48,20160928
404880,36,20160914
404881,45,20161019
404885,19,20161002
404886,21,20161030
404889,48,20160928
404891,53,20161023
404893,37,20161027
404895,40,20160914
404896,48,20161018
404906,42,20160914
404907,40,20160922
404908,42,20160913
404910, 6,20160913
404911,48,20161019
404912,47,20161024
404914, 6,20160926
404915,39,20160917
404919, 1,20160913
404920, 8,20160913
404921,17,20160913
404922,27,20161020
404923,29,20160915
404926,48,20160930
404928,26,20160917
404931,48,20161019
404933,23,20161004
404934,20,20161018
404938, 6,20161018
404939,37,20161029
404941,48,20161106
404947,47,20161020
404953,36,20161104
404956,12,20161021
404957,12,20160929
404959, 1,20160914
404961,12,20161028
404962,47,20160919
404963,26,20161019
404965,13,20160921
404966,26,20160920
404971,47,20161018
404975,12,20160917
404976,13,20161002
404977,53,20161026
404978,28,20160912
404979, 8,20160912
404980,36,20160912
404984,34,20161004
404985,46,20161010
404986,13,20160929
404989,39,20160913
404990,42,20160914
404991,51,20161011
404992,48,20160914
404993,12,20161002
404994,51,20161021
404998, 6,20161027
404999, 6,20160918
405002,22,20161005
405007,27,20161028
405009, 8,20160930
405012,37,20161025
405013,51,20161009
405014,25,20161031
405016,12,20160912
405021,34,20161020
405022,48,20161030
405023,24,20160916
405026,29,20161105
405027,13,20160927
405029,24,20161015
405031,26,20161017
405032,36,20160919
405034,48,20161026
405035, 6,20160920
405039,12,20161028
405042,42,20160916
405046,17,20161019
405049,29,20160929
405052,37,20161027
405053,36,20160917
405055,40,20160913
405061,48,20161104
405062, 6,20160929
405064,31,20161019
405066, 6,20160919
405070,23,20160930
405072, 6,20160921
405073,54,20161102
405079,12,20160915
405080,40,20160913
405082,39,20160913
405084,42,20161019
405086, 6,20161002
405087,25,20160921
405088,42,20160919
405089,21,20160917
405090,47,20161019
405093,53,20161019
405095,12,20160919
405097,33,20160913
405100, 6,20160913
405104,17,20160912
405106, 8,20161023
405109,28,20160920
405116,45,20160913
405119,12,20161030
405128, 6,20160916
405131,53,20161019
405135,53,20161003
405136,26,20161022
405138, 6,20160920
405139,27,20161003
405142,13,20160913
405144,16,20160913
405145, 8,20160915
405146,34,20160915
405147,20,20161019
405148, 6,20161020
405152,45,20161018
405157,37,20161024
405158, 9,20160923
405159,26,20160918
405163,55,20160913
405164,24,20161027
405168,22,20160917
405172,46,20161001
405174,12,20161018
405177,34,20160913
405179,12,20160922
405181,21,20161012
405183,49,20160914
405184, 6,20161001
405185,27,20160919
405187,36,20160916
405188,12,20161026
405189,48,20161001
405190,51,20160914
405192,49,20161027
405197,34,20160925
405199,40,20161003
405200,13,20161024
405204,32,20161030
405206, 4,20160917
405207,55,20161006
405208,54,20160923
405209, 6,20160921
405210,41,20160917
405213,13,20161012
405215,47,20161018
405216,36,20160912
405219,46,20160921
405223, 9,20160914
405225,49,20161025
405227,12,20161107
405231,41,20161008
405242,42,20160913
405243,12,20160918
405245, 6,20160913
405248, 5,20161031
405250,17,20160919
405254, 1,20160918
405256,42,20161011
405259,39,20160922
405260,31,20160915
405271, 1,20161008
405277,13,20161001
405278,12,20160921
405281,29,20160923
405284,16,20160916
405286,17,20161019
405287,24,20161015
405289,13,20160914
405290,12,20161022
405292,25,20161024
405293,36,20160916
405294,18,20161101
405295,48,20160913
405298, 4,20161018
405299,48,20161020
405301,27,20160914
405305,16,20160917
405312,42,20161019
405313,39,20160915
405314,31,20161019
405316,53,20161020
405318,36,20161014
405319,36,20161020
405320,45,20161019
405323,42,20160924
405328,51,20160913
405330, 6,20160926
405332, 5,20160913
405339, 6,20160913
405340,16,20160913
405341,55,20160919
405342, 6,20161024
405349,34,20161024
405350,25,20160915
405352,18,20160916
405355,27,20160922
405356,53,20161010
405360,36,20161021
405361,29,20160919
405363,48,20160922
405367,21,20161024
405370,37,20160921
405375, 9,20161027
405381,22,20161029
405383,48,20160922
405385,48,20160922
405388,21,20161014
405390,39,20161018
405392,40,20161028
405394,24,20161102
405395,39,20161106
405399,29,20161104
405400,41,20160916
405404,54,20160912
405413,27,20161019
405414,18,20161019
405415,48,20160923
405416,18,20161025
405419, 9,20161027
405420, 6,20160915
405422, 8,20160913
405423,39,20161019
405427,36,20161008
405428, 6,20160917
405429, 6,20160924
405432,37,20161107
405434,26,20160921
405435,17,20160914
405439,51,20160913
405440,48,20160913
405450,37,20160917
405451,48,20161009
405457,32,20160917
405459,39,20161019
405460,19,20160914
405461,27,20161021
405462,25,20160917
405464,26,20160914
405465, 4,20161019
405466,22,20161105
405467,39,20161018
405468,39,20161027
405471, 1,20160912
405472,17,20161104
405474,17,20160930
405475,12,20160921
405478,42,20160913
405483,25,20161103
405484,36,20161012
405485, 8,20160913
405495,45,20160918
405497,44,20160915
405500,17,20161019
405501,53,20161012
405508,42,20160927
405510,39,20160912
405513, 6,20160921
405523,34,20161022
405525, 1,20160916
405527,34,20160930
405530,37,20160919
405531,18,20160926
405533,21,20160913
405534,51,20161018
405535,17,20161026
405536,36,20160919
405538,12,20160919
405541,27,20160912
405542,17,20160921
405544,53,20160922
405554,42,20160927
405556, 6,20160914
405557,22,20161024
405558,18,20161003
405562,51,20160913
405565,37,20161022
405569,29,20160912
405570, 1,20161021
405576,36,20161023
405578,48,20161012
405579,12,20160914
405581,36,20161020
405583,26,20160912
405585,39,20160913
405588,17,20160912
405589, 1,20161105
405593, 6,20161018
405596, 6,20161106
405598,37,20160916
405599,49,20160917
405602,48,20160914
405603,25,20160912
405606,39,20160912
405607,27,20160914
405610,24,20160929
405611,55,20161018
405612,34,20160913
405614, 4,20161104
405619,34,20160915
405631,12,20161018
405633,55,20160913
405634,34,20160915
405635,12,20161017
405637,41,20160915
405638, 6,20160913
405639,36,20160915
405645,16,20160916
405646,51,20161017
405648,17,20160913
405649,53,20161030
405651,42,20160917
405654,55,20160919
405655,32,20160918
405656,53,20161019
405660,36,20160914
405661,40,20161019
405662,53,20160913
405664,34,20161019
405665,26,20160927
405672,41,20161013
405673,17,20161002
405674,48,20160929
405676,26,20161031
405677,45,20160927
405678,48,20161004
405679,25,20160926
405681,20,20161020
405684,15,20161019
405685,12,20161019
405688,42,20160912
405689, 6,20160913
405691,39,20160912
405692,19,20160913
405699, 8,20161020
405701,19,20160916
405703,36,20160913
405706,37,20160913
405707,48,20161009
405708,18,20160913
405711, 5,20161104
405712,24,20160915
405725,22,20160921
405728,36,20160914
405730, 1,20161011
405732,48,20160914
405735,12,20160912
405746, 6,20160922
405748,39,20161018
405751,24,20161023
405752,27,20161020
405757,13,20160913
405759,13,20160921
405760,19,20160914
405763,41,20161010
405766,56,20161018
405769,21,20160920
405778,18,20160912
405780,37,20161016
405781,18,20160921
405782,36,20161018
405785,45,20160926
405786, 6,20160918
405788,48,20161031
405789, 6,20160916
405790, 6,20161012
405791,40,20160930
405792,17,20160913
405793,15,20161020
405794,17,20160919
405795,12,20160921
405801, 4,20160913
405805,12,20160926
405811,26,20161031
405813,13,20161016
405816,48,20160914
405823,26,20161104
405824,20,20161019
405826,34,20160922
405827,25,20160917
405829,26,20160918
405832, 6,20160913
405833,42,20160912
405840,12,20160922
405843,11,20160929
405847,36,20161026
405849,28,20160927
405850,53,20161019
405852, 9,20160912
405863, 1,20161019
405864,30,20160914
405865,45,20160914
405872,12,20161019
405875,13,20160917
405877,34,20160921
405881,13,20160915
405882,37,20161020
405885,33,20161008
405886, 9,20161020
405887,20,20160912
405888,27,20160915
405891,12,20160918
405895,38,20160923
405897,36,20160918
405902,21,20161031
405904,36,20161011
405905,17,20160913
405909,39,20161013
405911, 6,20161024
405917,13,20160915
405918,53,20160913
405922,54,20160914
405923,36,20160914
405925,12,20160916
405931,54,20160912
405933, 4,20160916
405935,21,20160917
405937, 4,20161005
405939,12,20160913
405941, 4,20160920
405952,21,20161019
405955,12,20161018
405958,12,20160914
405959,17,20161019
405960,37,20160913
405961,36,20161018
405965, 6,20160917
405967,28,20161018
405969, 6,20161107
405970,36,20160913
405971,51,20160924
405972,25,20160912
405973,13,20160918
405980,19,20161011
405982,37,20161018
405984,48,20161104
405985,17,20161026
405990,45,20160913
405994,12,20160918
405998,45,20160912
406001,35,20160918
406002,47,20160913
406004, 4,20160915
406005,34,20161026
406013,55,20160916
406016,25,20161018
406017,19,20160916
406018, 4,20161018
406022,39,20160930
406023, 1,20161018
406030, 6,20160923
406032,18,20160914
406035,47,20160914
406041,45,20161019
406042,55,20160918
406043,37,20160923
406044,55,20160930
406045,27,20161018
406052,51,20160912
406054,29,20161025
406058, 1,20160913
406060,42,20160916
406066,34,20161019
406070,25,20161102
406073,12,20161009
406076,34,20160926
406080,21,20161020
406081,21,20160915
406082, 6,20161004
406084,45,20161019
406094,12,20161001
406096,17,20161002
406098,27,20161024
406101, 6,20161107
406102, 1,20161002
406104,24,20160914
406105,42,20160913
406108,51,20160913
406110,41,20161018
406112, 6,20161019
406114,55,20161012
406118,46,20161018
406119, 6,20160921
406123,36,20160919
406127,40,20161019
406131,13,20160917
406133,22,20161018
406134,48,20161019
406135,47,20161019
406136,42,20161009
406137, 6,20161027
406138,12,20161028
406141,36,20161019
406142,32,20160915
406144,42,20160913
406146,54,20160916
406147,36,20160913
406148,48,20161017
406153, 6,20160914
406154, 4,20160920
406156,48,20160913
406159,54,20160925
406160,20,20160913
406164, 6,20160915
406167, 6,20161013
406170,29,20161012
406174,34,20160914
406176,55,20160913
406181,18,20160919
406186,34,20161105
406193, 6,20160920
406194,17,20160912
406196, 6,20161027
406198, 6,20160914
406202,18,20161019
406203,13,20160914
406204,13,20161104
406206, 8,20160919
406212,48,20161018
406217, 4,20160918
406218,42,20160917
406221,48,20161014
406224,37,20160913
406225,18,20161010
406226,39,20161026
406227, 6,20161011
406234,25,20160913
406235,37,20160916
406237,32,20161019
406238,20,20161019
406239, 6,20160918
406240, 6,20161019
406243,48,20160917
406245,12,20160913
406247, 4,20161012
406248, 6,20161018
406249, 4,20161019
406252,17,20161019
406253, 1,20161107
406254,36,20160912
406257,36,20160918
406258, 6,20161001
406259,17,20160919
406260,18,20161008
406263,17,20161012
406264, 4,20161023
406265,17,20161105
406266,17,20160920
406269,27,20161019
406271, 6,20161013
406275,39,20161023
406280,42,20160913
406284,33,20160917
406285, 6,20160915
406288,39,20161023
406291,12,20160917
406294,24,20160915
406301, 6,20161015
406302, 6,20161019
406305,48,20161031
406306,36,20160914
406307,18,20160913
406315,53,20161101
406318,48,20160916
406320,42,20160916
406322, 6,20161024
406324,47,20160919
406325,26,20161007
406329,39,20160921
406333,47,20161103
406335,47,20161027
406336,48,20160920
406337,46,20161020
406339,13,20161103
406344,51,20161002
406346,48,20161027
406347,53,20160917
406348,55,20160913
406351,42,20161001
406353,41,20160915
406354,51,20161018
406358, 6,20160928
406360, 9,20160914
406361,12,20160919
406366,36,20161020
406369,39,20161005
406370,36,20161019
406371,26,20161020
406374,48,20160915
406375,13,20161031
406376, 4,20161007
406377, 6,20161004
406381,42,20160918
406382,42,20160920
406383,41,20161023
406384,41,20160923
406386,12,20160925
406387,39,20160926
406389,24,20161103
406393,24,20160927
406394,48,20161019
406396, 6,20160913
406404,39,20160913
406405,21,20160920
406409,37,20160915
406410,55,20161030
406412,17,20161019
406415, 6,20160930
406420,26,20160913
406421,12,20160915
406423,32,20161018
406425,47,20160919
406433,13,20160917
406436,26,20160921
406437,51,20161108
406448,48,20161103
406454, 1,20161102
406457,25,20160914
406458,29,20161025
406459,24,20161011
406465, 1,20161023
406466,13,20161104
406467,12,20161021
406468,26,20160920
406469,28,20161028
406479,42,20160922
406480,22,20161015
406484,13,20160913
406489,36,20160916
406490,49,20160927
406492,27,20161019
406495,42,20161002
406501,44,20160921
406502,39,20160913
406506,51,20161019
406507, 6,20160930
406508,34,20161028
406511,17,20161023
406513,41,20161001
406519,21,20160917
406526,12,20160912
406527,51,20160926
406528,42,20160913
406530,47,20160918
406531, 6,20161021
406538,47,20160928
406541, 6,20161029
406542,16,20161026
406543,48,20160929
406544,30,20160915
406547,53,20160930
406550, 6,20161019
406551,26,20160916
406552,23,20161019
406553,29,20160913
406554,41,20160917
406559, 6,20160922
406563,40,20161029
406569, 6,20161011
406570,36,20161020
406576,19,20161023
406585,24,20160917
406586,28,20161019
406587, 6,20161028
406592,12,20161018
406594,48,20160921
406596,39,20161102
406600,42,20160915
406601, 6,20160929
406605,55,20161018
406608,48,20160914
406609,42,20160920
406610,44,20160930
406613,37,20160914
406615,34,20161003
406616,39,20160916
406617,20,20160921
406620, 1,20160914
406621, 8,20161018
406624,41,20160922
406625,12,20161028
406629,16,20161018
406635, 6,20161002
406636,12,20161018
406637,39,20161023
406638,21,20160919
406641,17,20160913
406642,42,20160920
406643,31,20161107
406645,24,20161028
406646,39,20160923
406650,42,20161102
406652, 5,20160916
406653,17,20160913
406654, 6,20161107
406657,48,20160913
406658,18,20161019
406660,37,20161103
406661,18,20161005
406663,17,20161021
406664,18,20160929
406665, 6,20160918
406672,37,20160912
406675,42,20160916
406678,17,20160914
406680, 8,20160920
406681,27,20161106
406682,36,20161008
406685,21,20160926
406686, 6,20160914
406695,17,20161019
406698,18,20160916
406699,12,20160913
406702,20,20161027
406704,41,20160916
406705,51,20160913
406706,12,20160917
406711, 6,20160919
406715,53,20161015
406716,26,20160912
406723, 6,20160917
406725,18,20161018
406726,17,20161102
406729,21,20161107
406730,22,20161019
406731,55,20160919
406732,15,20161004
406734,39,20161103
406738,26,20161003
406739,34,20161004
406741,41,20160920
406743,50,20160919
406746,42,20161031
406747,25,20160916
406749, 6,20160913
406750,55,20160930
406751,42,20160930
406756,39,20160918
406758,26,20160913
406759,17,20160916
406763,13,20161023
406764,29,20161019
406765,48,20160922
406768,37,20161019
406771,39,20161019
406774,39,20160912
406775, 6,20161029
406776,41,20160917
406780, 6,20160929
406782,25,20161004
406784,34,20160915
406786,21,20160926
406788,48,20161019
406792,17,20161019
406793,34,20161013
406794,39,20160921
406799,17,20161002
406804,48,20160914
406806,12,20160916
406808,35,20161027
406811,37,20160915
406812,36,20161024
406814, 4,20161020
406816, 9,20161003
406817, 6,20161020
406818,12,20161018
406820,13,20161019
406823,47,20161018
406826, 5,20161104
406829,37,20160913
406830,30,20161019
406837,21,20160914
406839,10,20160912
406840,34,20160913
406841,24,20160912
406843,39,20160917
406845,55,20160920
406848,22,20160912
406852,39,20160913
406854,36,20160920
406857,36,20160913
406862,48,20161019
406863,26,20161019
406864,27,20160918
406866,12,20160922
406867, 6,20161022
406868,13,20160929
406873,12,20160919
406874,53,20160913
406877, 6,20160919
406878,36,20160916
406882,32,20160917
406885,24,20161019
406887,48,20160912
406888, 6,20160920
406891,41,20160917
406894,13,20161019
406896,29,20161101
406905,42,20161019
406906,55,20161025
406908, 6,20160919
406909, 8,20160920
406910, 4,20161025
406914,48,20161005
406917,48,20161021
406919,48,20161030
406924,25,20160918
406926,12,20161027
406929,36,20160926
406930,42,20160920
406933,25,20160930
406934, 9,20160912
406936,22,20161005
406940,48,20161018
406945,39,20160913
406947,36,20161006
406948,36,20160926
406949,47,20160922
406950,16,20161018
406951,12,20161101
406953,34,20161103
406955,30,20161020
406956,42,20160913
406958,36,20160913
406959,39,20161004
406960,45,20160930
406961,36,20160913
406966,48,20160914
406967,22,20160914
406968, 1,20160926
406970,39,20160913
406972,39,20160918
406973, 6,20160916
406975, 6,20160919
406978,13,20160914
406979,12,20160917
406985,37,20160913
406986, 6,20161018
406987,41,20160917
406989, 8,20161104
406993,12,20161002
406994,42,20161008
406995,29,20160917
406997,12,20161019
406998,48,20160913
407000,12,20161018
407003,24,20160916
407009,26,20160919
407010,37,20160913
407011,10,20161003
407012,26,20161002
407013,55,20160922
407019,26,20160918
407021,29,20160913
407024, 6,20161019
407027,12,20161018
407032,13,20160922
407037,13,20160916
407039,36,20160920
407041,42,20161027
407042,26,20161012
407044,55,20160919
407050,45,20161018
407055,42,20161021
407065,44,20161018
407071,51,20160917
407072,26,20161028
407075,17,20160926
407076,37,20161023
407078,45,20161028
407085,45,20160914
407086,36,20160915
407088,37,20160914
407090, 8,20161010
407096,27,20161019
407100,42,20160913
407101,27,20161103
407104, 6,20160916
407105,42,20161105
407106,36,20160912
407109,39,20160912
407114,53,20160918
407116,25,20160919
407117,17,20160917
407119,18,20161023
407122,13,20160914
407123,39,20161020
407124,47,20160917
407125, 6,20161018
407130,26,20161006
407133,36,20161104
407136,28,20161002
407137,25,20161025
407138,49,20160924
407141,55,20161013
407143,48,20160921
407145,39,20160920
407148,55,20161024
407154,12,20160916
407155,12,20160928
407157,48,20160912
407158,12,20160923
407163,26,20161025
407164,30,20161018
407169, 6,20161002
407173,47,20160929
407174,28,20160913
407175,48,20161002
407176,17,20160921
407177,48,20161018
407178, 8,20160918
407182,53,20160913
407184,12,20161020
407187,23,20161020
407188,49,20160918
407191,17,20160921
407192,48,20161020
407193,42,20160915
407195,39,20161025
407198,37,20161002
407201,37,20161028
407203, 6,20160918
407204,24,20161104
407205,48,20161012
407206,34,20160913
407209,12,20161019
407210, 9,20160914
407211,42,20161001
407213,40,20161018
407215, 4,20160920
407216,30,20161018
407218,27,20161017
407222,37,20160915
407223,24,20160920
407229,22,20160913
407231,20,20160912
407233,56,20160928
407236, 1,20161019
407238,10,20161021
407240,19,20161011
407242,51,20161104
407243, 6,20160913
407245,25,20161019
407246,35,20161028
407250,36,20161027
407255,12,20160916
407262,36,20161023
407263,48,20161102
407268, 6,20160917
407269,36,20161102
407270,42,20160928
407272,28,20161019
407274, 6,20161031
407275,48,20160918
407276, 9,20161018
407282, 6,20161008
407286, 8,20161024
407288,12,20160925
407290,37,20160923
407292,55,20161011
407298,28,20161024
407304,37,20161019
407305,12,20161104
407308,26,20160913
407311, 6,20160928
407314,17,20160913
407317,13,20161104
407319,22,20160913
407321,34,20160929
407324,37,20161021
407327,45,20160928
407328,12,20160916
407333,34,20160921
407336,39,20160929
407340,48,20160913
407342,17,20160913
407352,10,20160918
407353,29,20160912
407355,21,20161020
407357,36,20161019
407364,36,20160919
407365,48,20161103
407366,29,20161018
407368,17,20161019
407373,36,20160929
407377,34,20161002
407378,19,20160922
407380,27,20160916
407381, 1,20161019
407382,17,20160913
407385,34,20161003
407387,48,20160915
407388,25,20160922
407392, 4,20161020
407393,48,20160920
407395,24,20161018
407396,48,20160914
407399, 6,20161018
407402,42,20160913
407405,20,20160915
407407,55,20161019
407409, 6,20160915
407412,29,20160912
407414,51,20160913
407423,47,20161018
407426,21,20161018
407428,48,20161103
407430,42,20161017
407433, 6,20160917
407434,21,20161018
407436,26,20160928
407442,19,20160917
407446,17,20160912
407447,42,20161021
407449,17,20161001
407450,27,20160913
407451,24,20161009
407455,40,20160914
407456, 6,20161028
407458,12,20160920
407460,54,20161021
407468,16,20161017
407476,15,20160915
407479,45,20161031
407482,19,20160914
407484, 9,20161020
407485,48,20160919
407492,12,20160913
407496,47,20160922
407502,18,20160917
407503, 4,20160917
407505, 2,20161019
407506,55,20161018
407510,13,20160930
407519,41,20161022
407521,37,20160913
407522,25,20160926
407527,17,20161018
407528,34,20160913
407529,44,20161003
407533,42,20161105
407534,53,20161021
407536,18,20161012
407537, 6,20160913
407539,48,20161024
407541,36,20160922
407542, 1,20160925
407546,45,20160914
407547,51,20160924
407548,17,20161028
407549, 6,20160915
407550,36,20161014
407554,42,20160928
407558,48,20160913
407559,37,20160916
407561,55,20160918
407562,25,20160918
407563,53,20160913
407565,41,20160927
407566,12,20161018
407568, 8,20161028
407573,27,20161020
407576,40,20160920
407578,17,20161024
407580,12,20161027
407581,18,20160926
407582,33,20161018
407586, 1,20160918
407589,32,20160913
407591,12,20160913
407593,40,20161107
407594,48,20160912
407597,48,20161019
407600,47,20160916
407605, 6,20161004
407609,39,20160913
407610,26,20161001
407611, 9,20160925
407615,16,20161024
407617,42,20160916
407620,55,20160917
407621, 6,20160930
407624,48,20160920
407625, 6,20160914
407626, 6,20161019
407636, 6,20161021
407639, 8,20160924
407640,31,20161031
407642,48,20161023
407643,17,20161023
407645, 1,20161021
407647,42,20160913
407648,49,20160913
407651,47,20161031
407653,21,20161018
407654,48,20160914
407655,19,20161018
407657,53,20160919
407658,26,20161003
407659,22,20160917
407660,48,20161107
407661, 6,20161105
407666,18,20160913
407667,55,20160912
407670, 6,20161001
407672,36,20160915
407677,12,20160912
407678,20,20161018
407679,51,20161017
407681, 6,20160919
407685,50,20161018
407688,26,20161028
407689,49,20161008
407692,37,20160926
407696,17,20161011
407697,38,20160912
407698,26,20161019
407700,42,20161002
407703,42,20160913
407704,19,20160913
407705,12,20161027
407706,13,20161019
407707,18,20160914
407708,34,20160916
407709,48,20160924
407710,12,20161019
407712, 6,20161019
407716, 6,20161020
407717,48,20161020
407721, 1,20160918
407724, 6,20160922
407725,28,20161018
407726,35,20161007
407727,36,20160913
407729,24,20161019
407732,17,20161016
407734, 8,20161022
407741,39,20160912
407743, 8,20161014
407744,30,20160913
407748,36,20161021
407757,42,20161025
407758, 6,20160913
407762, 6,20160913
407763, 4,20160913
407764,12,20161006
407765,40,20161104
407766, 6,20161018
407767,24,20161031
407770,36,20161027
407771, 1,20160913
407779, 6,20160915
407782,13,20161018
407787,48,20161018
407788,42,20161019
407789,53,20160922
407791,51,20161028
407796,51,20160925
407798,13,20161031
407799,37,20161021
407800,29,20161019
